<?xml version="1.0" encoding="UTF-8"?>
<project-private xmlns="http://www.netbeans.org/ns/project-private/1">
    <editor-bookmarks xmlns="http://www.netbeans.org/ns/editor-bookmarks/2" lastBookmarkId="0"/>
    <open-files xmlns="http://www.netbeans.org/ns/projectui-open-files/2">
        <group>
            <file>file:/C:/Users/2ndyrGroupA/Music/Java2021/Moya_JavaCollections/src/moya_javacollections/Number7.java</file>
            <file>file:/C:/Users/2ndyrGroupA/Music/Java2021/Moya_JavaCollections/src/moya_javacollections/Number2.java</file>
            <file>file:/C:/Users/2ndyrGroupA/Music/Java2021/Moya_JavaCollections/src/moya_javacollections/Number8.java</file>
            <file>file:/C:/Users/2ndyrGroupA/Music/Java2021/Moya_JavaCollections/src/moya_javacollections/Number4.java</file>
            <file>file:/C:/Users/2ndyrGroupA/Music/Java2021/Moya_JavaCollections/src/moya_javacollections/Number3.java</file>
            <file>file:/C:/Users/2ndyrGroupA/Music/Java2021/Moya_JavaCollections/src/moya_javacollections/Number6.java</file>
            <file>file:/C:/Users/2ndyrGroupA/Music/Java2021/Moya_JavaCollections/src/moya_javacollections/Number5.java</file>
        </group>
    </open-files>
</project-private>
